"ano","municipio","populacao_total","populacao_6_12"
2000,"5000203",10102,0
2000,"5000252",3797,0
2000,"5000609",30785,0
2000,"5000708",23063,0
2000,"5000807",8193,0
2000,"5000856",7597,0
2000,"5000906",7563,0
2000,"5001003",18784,0
2000,"5001102",45254,0
2000,"5001243",8310,0
2000,"5001508",6901,0
2000,"5001904",16671,0
2000,"5002001",10932,0
2000,"5002100",22517,0
2000,"5002159",8665,0
2000,"5002209",17484,0
2000,"5002308",12271,0
2000,"5002407",21279,0
2000,"5002605",14129,0
2000,"5002704",698154,0
2000,"5002803",4768,0
2000,"5002902",20693,0
2000,"5002951",11450,0
2000,"5003108",3745,0
2000,"5003157",13168,0
2000,"5003207",100413,0
2000,"5003256",13846,0
2000,"5003306",32012,0
2000,"5003454",11630,0
2000,"5003488",9691,0
2000,"5003504",4870,0
2000,"5003702",171971,0
2000,"5003751",11374,0
2000,"5003801",19591,0
2000,"5003900",2927,0
2000,"5004007",10305,0
2000,"5004106",11436,0
2000,"5004304",14059,0
2000,"5004403",8042,0
2000,"5004502",18031,0
2000,"5004601",16238,0
2000,"5004700",22067,0
2000,"5004809",6337,0
2000,"5004908",5604,0
2000,"5005004",23236,0
2000,"5005103",4127,0
2000,"5005152",5134,0
2000,"5005202",15782,0
2000,"5005251",5669,0
2000,"5005400",27564,0
2000,"5005608",23733,0
2000,"5005681",16081,0
2000,"5005707",38436,0
2000,"5005806",15415,0
2000,"5006002",10281,0
2000,"5006200",37122,0
2000,"5006259",6514,0
2000,"5006275",3472,0
2000,"5006309",40017,0
2000,"5006358",10528,0
2000,"5006408",8736,0
2000,"5006606",63157,0
2000,"5006903",13649,0
2000,"5007109",17212,0
2000,"5007208",23247,0
2000,"5007307",5597,0
2000,"5007406",18863,0
2000,"5007505",4128,0
2000,"5007554",6829,0
2000,"5007695",17179,0
2000,"5007703",11191,0
2000,"5007802",6251,0
2000,"5007901",24507,0
2000,"5007935",9932,0
2000,"5007950",8969,0
2000,"5007976",3606,0
2000,"5008008",12186,0
2000,"5008305",81498,0
2000,"5008404",5907,0
2001,"5000203",10353,0
2001,"5000252",3874,0
2001,"5000609",31250,0
2001,"5000708",23239,0
2001,"5000807",8255,0
2001,"5000856",7744,0
2001,"5000906",7635,0
2001,"5001003",19144,0
2001,"5001102",45518,0
2001,"5001243",8488,0
2001,"5001508",6919,0
2001,"5001904",16984,0
2001,"5002001",10989,0
2001,"5002100",22685,0
2001,"5002159",8644,0
2001,"5002209",17743,0
2001,"5002308",12281,0
2001,"5002407",21709,0
2001,"5002605",14149,0
2001,"5002704",709060,0
2001,"5002803",4842,0
2001,"5002902",20808,0
2001,"5002951",11965,0
2001,"5003108",3833,0
2001,"5003157",13291,0
2001,"5003207",101303,0
2001,"5003256",14159,0
2001,"5003306",32170,0
2001,"5003454",11714,0
2001,"5003488",9802,0
2001,"5003504",4934,0
2001,"5003702",174702,0
2001,"5003751",11438,0
2001,"5003801",19619,0
2001,"5003900",2930,0
2001,"5004007",10323,0
2001,"5004106",11401,0
2001,"5004304",14179,0
2001,"5004403",8034,0
2001,"5004502",18352,0
2001,"5004601",16496,0
2001,"5004700",22160,0
2001,"5004809",6451,0
2001,"5004908",5676,0
2001,"5005004",23430,0
2001,"5005103",4132,0
2001,"5005152",5214,0
2001,"5005202",16159,0
2001,"5005251",5750,0
2001,"5005400",28460,0
2001,"5005608",23998,0
2001,"5005681",16196,0
2001,"5005707",39259,0
2001,"5005806",15397,0
2001,"5006002",10729,0
2001,"5006200",37936,0
2001,"5006259",6391,0
2001,"5006275",3549,0
2001,"5006309",40255,0
2001,"5006358",10690,0
2001,"5006408",8714,0
2001,"5006606",64512,0
2001,"5006903",13849,0
2001,"5007109",17601,0
2001,"5007208",23913,0
2001,"5007307",5566,0
2001,"5007406",18950,0
2001,"5007505",4178,0
2001,"5007554",6901,0
2001,"5007695",17599,0
2001,"5007703",11177,0
2001,"5007802",6289,0
2001,"5007901",25834,0
2001,"5007935",10333,0
2001,"5007950",9098,0
2001,"5007976",3603,0
2001,"5008008",12610,0
2001,"5008305",83408,0
2001,"5008404",5926,0
2002,"5000203",10612,0
2002,"5000252",3957,0
2002,"5000609",31719,0
2002,"5000708",23372,0
2002,"5000807",8321,0
2002,"5000856",7901,0
2002,"5000906",7706,0
2002,"5001003",19497,0
2002,"5001102",45690,0
2002,"5001243",8672,0
2002,"5001508",6939,0
2002,"5001904",17325,0
2002,"5002001",11031,0
2002,"5002100",22831,0
2002,"5002159",8609,0
2002,"5002209",17997,0
2002,"5002308",12279,0
2002,"5002407",22156,0
2002,"5002605",14146,0
2002,"5002704",719831,0
2002,"5002803",4939,0
2002,"5002902",20907,0
2002,"5002951",12579,0
2002,"5003108",3948,0
2002,"5003157",13421,0
2002,"5003207",102065,0
2002,"5003256",14491,0
2002,"5003306",32317,0
2002,"5003454",11778,0
2002,"5003488",9918,0
2002,"5003504",4992,0
2002,"5003702",177394,0
2002,"5003751",11504,0
2002,"5003801",19617,0
2002,"5003900",2943,0
2002,"5004007",10314,0
2002,"5004106",11320,0
2002,"5004304",14308,0
2002,"5004403",8027,0
2002,"5004502",18683,0
2002,"5004601",16764,0
2002,"5004700",22243,0
2002,"5004809",6583,0
2002,"5004908",5768,0
2002,"5005004",23607,0
2002,"5005103",4120,0
2002,"5005152",5298,0
2002,"5005202",16547,0
2002,"5005251",5836,0
2002,"5005400",29431,0
2002,"5005608",24250,0
2002,"5005681",16328,0
2002,"5005707",40117,0
2002,"5005806",15338,0
2002,"5006002",11239,0
2002,"5006200",38796,0
2002,"5006259",6261,0
2002,"5006275",3658,0
2002,"5006309",40433,0
2002,"5006358",10856,0
2002,"5006408",8671,0
2002,"5006606",65973,0
2002,"5006903",14055,0
2002,"5007109",17997,0
2002,"5007208",24627,0
2002,"5007307",5530,0
2002,"5007406",19037,0
2002,"5007505",4226,0
2002,"5007554",6968,0
2002,"5007695",18057,0
2002,"5007703",11157,0
2002,"5007802",6316,0
2002,"5007901",27333,0
2002,"5007935",10785,0
2002,"5007950",9219,0
2002,"5007976",3608,0
2002,"5008008",13089,0
2002,"5008305",85376,0
2002,"5008404",5931,0
2003,"5000203",10910,0
2003,"5000252",4054,0
2003,"5000609",32178,0
2003,"5000708",23485,0
2003,"5000807",8363,0
2003,"5000856",8064,0
2003,"5000906",7772,0
2003,"5001003",19857,0
2003,"5001102",45799,0
2003,"5001243",8876,0
2003,"5001508",6943,0
2003,"5001904",17670,0
2003,"5002001",11053,0
2003,"5002100",22953,0
2003,"5002159",8566,0
2003,"5002209",18258,0
2003,"5002308",12248,0
2003,"5002407",22631,0
2003,"5002605",14126,0
2003,"5002704",730494,0
2003,"5002803",5021,0
2003,"5002902",20976,0
2003,"5002951",13246,0
2003,"5003108",4064,0
2003,"5003157",13544,0
2003,"5003207",102746,0
2003,"5003256",14845,0
2003,"5003306",32403,0
2003,"5003454",11831,0
2003,"5003488",10032,0
2003,"5003504",5053,0
2003,"5003702",180085,0
2003,"5003751",11555,0
2003,"5003801",19560,0
2003,"5003900",2949,0
2003,"5004007",10276,0
2003,"5004106",11234,0
2003,"5004304",14426,0
2003,"5004403",7990,0
2003,"5004502",19033,0
2003,"5004601",17036,0
2003,"5004700",22287,0
2003,"5004809",6725,0
2003,"5004908",5863,0
2003,"5005004",23750,0
2003,"5005103",4110,0
2003,"5005152",5391,0
2003,"5005202",16947,0
2003,"5005251",5929,0
2003,"5005400",30487,0
2003,"5005608",24493,0
2003,"5005681",16438,0
2003,"5005707",41010,0
2003,"5005806",15261,0
2003,"5006002",11805,0
2003,"5006200",39697,0
2003,"5006259",6095,0
2003,"5006275",3772,0
2003,"5006309",40544,0
2003,"5006358",11038,0
2003,"5006408",8606,0
2003,"5006606",67513,0
2003,"5006903",14262,0
2003,"5007109",18426,0
2003,"5007208",25396,0
2003,"5007307",5487,0
2003,"5007406",19082,0
2003,"5007505",4285,0
2003,"5007554",7031,0
2003,"5007695",18559,0
2003,"5007703",11122,0
2003,"5007802",6344,0
2003,"5007901",29050,0
2003,"5007935",11299,0
2003,"5007950",9364,0
2003,"5007976",3605,0
2003,"5008008",13609,0
2003,"5008305",87424,0
2003,"5008404",5930,0
2004,"5000203",11204,0
2004,"5000252",4138,0
2004,"5000609",32646,0
2004,"5000708",23577,0
2004,"5000807",8418,0
2004,"5000856",8230,0
2004,"5000906",7835,0
2004,"5001003",20226,0
2004,"5001102",45895,0
2004,"5001243",9086,0
2004,"5001508",6968,0
2004,"5001904",18008,0
2004,"5002001",11074,0
2004,"5002100",23076,0
2004,"5002159",8528,0
2004,"5002209",18500,0
2004,"5002308",12227,0
2004,"5002407",23108,0
2004,"5002605",14103,0
2004,"5002704",741087,0
2004,"5002803",5112,0
2004,"5002902",21046,0
2004,"5002951",13955,0
2004,"5003108",4187,0
2004,"5003157",13661,0
2004,"5003207",103381,0
2004,"5003256",15206,0
2004,"5003306",32484,0
2004,"5003454",11881,0
2004,"5003488",10145,0
2004,"5003504",5114,0
2004,"5003702",182752,0
2004,"5003751",11611,0
2004,"5003801",19516,0
2004,"5003900",2955,0
2004,"5004007",10239,0
2004,"5004106",11136,0
2004,"5004304",14555,0
2004,"5004403",7965,0
2004,"5004502",19380,0
2004,"5004601",17310,0
2004,"5004700",22323,0
2004,"5004809",6879,0
2004,"5004908",5941,0
2004,"5005004",23891,0
2004,"5005103",4104,0
2004,"5005152",5483,0
2004,"5005202",17365,0
2004,"5005251",6008,0
2004,"5005400",31584,0
2004,"5005608",24721,0
2004,"5005681",16559,0
2004,"5005707",41912,0
2004,"5005806",15177,0
2004,"5006002",12398,0
2004,"5006200",40604,0
2004,"5006259",5955,0
2004,"5006275",3886,0
2004,"5006309",40638,0
2004,"5006358",11219,0
2004,"5006408",8554,0
2004,"5006606",69057,0
2004,"5006903",14463,0
2004,"5007109",18844,0
2004,"5007208",26190,0
2004,"5007307",5430,0
2004,"5007406",19136,0
2004,"5007505",4328,0
2004,"5007554",7093,0
2004,"5007695",19064,0
2004,"5007703",11091,0
2004,"5007802",6364,0
2004,"5007901",30834,0
2004,"5007935",11817,0
2004,"5007950",9484,0
2004,"5007976",3596,0
2004,"5008008",14141,0
2004,"5008305",89505,0
2004,"5008404",5934,0
2005,"5000203",11500,0
2005,"5000252",4222,0
2005,"5000609",33111,0
2005,"5000708",23688,0
2005,"5000807",8466,0
2005,"5000856",8401,0
2005,"5000906",7900,0
2005,"5001003",20587,0
2005,"5001102",45997,0
2005,"5001243",9297,0
2005,"5001508",6981,0
2005,"5001904",18350,0
2005,"5002001",11086,0
2005,"5002100",23196,0
2005,"5002159",8471,0
2005,"5002209",18751,0
2005,"5002308",12195,0
2005,"5002407",23594,0
2005,"5002605",14076,0
2005,"5002704",751736,0
2005,"5002803",5200,0
2005,"5002902",21097,0
2005,"5002951",14692,0
2005,"5003108",4317,0
2005,"5003157",13769,0
2005,"5003207",103989,0
2005,"5003256",15563,0
2005,"5003306",32547,0
2005,"5003454",11949,0
2005,"5003488",10240,0
2005,"5003504",5177,0
2005,"5003702",185425,0
2005,"5003751",11652,0
2005,"5003801",19473,0
2005,"5003900",2966,0
2005,"5004007",10218,0
2005,"5004106",11050,0
2005,"5004304",14664,0
2005,"5004403",7929,0
2005,"5004502",19747,0
2005,"5004601",17583,0
2005,"5004700",22356,0
2005,"5004809",7025,0
2005,"5004908",6043,0
2005,"5005004",24037,0
2005,"5005103",4090,0
2005,"5005152",5567,0
2005,"5005202",17773,0
2005,"5005251",6097,0
2005,"5005400",32662,0
2005,"5005608",24962,0
2005,"5005681",16664,0
2005,"5005707",42823,0
2005,"5005806",15094,0
2005,"5006002",13022,0
2005,"5006200",41536,0
2005,"5006259",5790,0
2005,"5006275",3997,0
2005,"5006309",40729,0
2005,"5006358",11406,0
2005,"5006408",8478,0
2005,"5006606",70642,0
2005,"5006903",14657,0
2005,"5007109",19250,0
2005,"5007208",26981,0
2005,"5007307",5388,0
2005,"5007406",19180,0
2005,"5007505",4383,0
2005,"5007554",7152,0
2005,"5007695",19590,0
2005,"5007703",11057,0
2005,"5007802",6376,0
2005,"5007901",32684,0
2005,"5007935",12342,0
2005,"5007950",9622,0
2005,"5007976",3587,0
2005,"5008008",14695,0
2005,"5008305",91630,0
2005,"5008404",5938,0
2006,"5000203",11791,0
2006,"5000252",4300,0
2006,"5000609",33580,0
2006,"5000708",23792,0
2006,"5000807",8505,0
2006,"5000856",8588,0
2006,"5000906",7971,0
2006,"5001003",20962,0
2006,"5001102",46120,0
2006,"5001243",9506,0
2006,"5001508",7005,0
2006,"5001904",18708,0
2006,"5002001",11098,0
2006,"5002100",23310,0
2006,"5002159",8429,0
2006,"5002209",18998,0
2006,"5002308",12168,0
2006,"5002407",24107,0
2006,"5002605",14039,0
2006,"5002704",762517,0
2006,"5002803",5260,0
2006,"5002902",21158,0
2006,"5002951",15436,0
2006,"5003108",4437,0
2006,"5003157",13879,0
2006,"5003207",104551,0
2006,"5003256",15930,0
2006,"5003306",32598,0
2006,"5003454",12016,0
2006,"5003488",10332,0
2006,"5003504",5228,0
2006,"5003702",188163,0
2006,"5003751",11709,0
2006,"5003801",19451,0
2006,"5003900",2961,0
2006,"5004007",10191,0
2006,"5004106",10958,0
2006,"5004304",14769,0
2006,"5004403",7901,0
2006,"5004502",20127,0
2006,"5004601",17852,0
2006,"5004700",22401,0
2006,"5004809",7187,0
2006,"5004908",6125,0
2006,"5005004",24196,0
2006,"5005103",4086,0
2006,"5005152",5654,0
2006,"5005202",18204,0
2006,"5005251",6198,0
2006,"5005400",33733,0
2006,"5005608",25213,0
2006,"5005681",16787,0
2006,"5005707",43738,0
2006,"5005806",14988,0
2006,"5006002",13678,0
2006,"5006200",42518,0
2006,"5006259",5631,0
2006,"5006275",4106,0
2006,"5006309",40825,0
2006,"5006358",11619,0
2006,"5006408",8410,0
2006,"5006606",72256,0
2006,"5006903",14838,0
2006,"5007109",19662,0
2006,"5007208",27785,0
2006,"5007307",5339,0
2006,"5007406",19229,0
2006,"5007505",4422,0
2006,"5007554",7203,0
2006,"5007695",20099,0
2006,"5007703",11030,0
2006,"5007802",6390,0
2006,"5007901",34593,0
2006,"5007935",12865,0
2006,"5007950",9765,0
2006,"5007976",3592,0
2006,"5008008",15224,0
2006,"5008305",93819,0
2006,"5008404",5944,0
2007,"5000203",12068,0
2007,"5000252",4395,0
2007,"5000609",34035,0
2007,"5000708",23894,0
2007,"5000807",8535,0
2007,"5000856",8758,0
2007,"5000906",8040,0
2007,"5001003",21331,0
2007,"5001102",46213,0
2007,"5001243",9725,0
2007,"5001508",7011,0
2007,"5001904",19040,0
2007,"5002001",11105,0
2007,"5002100",23395,0
2007,"5002159",8366,0
2007,"5002209",19220,0
2007,"5002308",12122,0
2007,"5002407",24609,0
2007,"5002605",13993,0
2007,"5002704",772963,0
2007,"5002803",5319,0
2007,"5002902",21208,0
2007,"5002951",16215,0
2007,"5003108",4559,0
2007,"5003157",13962,0
2007,"5003207",105010,0
2007,"5003256",16285,0
2007,"5003306",32620,0
2007,"5003454",12077,0
2007,"5003488",10393,0
2007,"5003504",5276,0
2007,"5003702",190800,0
2007,"5003751",11739,0
2007,"5003801",19407,0
2007,"5003900",2968,0
2007,"5004007",10163,0
2007,"5004106",10859,0
2007,"5004304",14849,0
2007,"5004403",7860,0
2007,"5004502",20491,0
2007,"5004601",18106,0
2007,"5004700",22445,0
2007,"5004809",7334,0
2007,"5004908",6216,0
2007,"5005004",24345,0
2007,"5005103",4076,0
2007,"5005152",5731,0
2007,"5005202",18600,0
2007,"5005251",6268,0
2007,"5005400",34780,0
2007,"5005608",25453,0
2007,"5005681",16913,0
2007,"5005707",44626,0
2007,"5005806",14883,0
2007,"5006002",14344,0
2007,"5006200",43488,0
2007,"5006259",5472,0
2007,"5006275",4225,0
2007,"5006309",40886,0
2007,"5006358",11817,0
2007,"5006408",8328,0
2007,"5006606",73853,0
2007,"5006903",15000,0
2007,"5007109",20033,0
2007,"5007208",28569,0
2007,"5007307",5294,0
2007,"5007406",19275,0
2007,"5007505",4478,0
2007,"5007554",7246,0
2007,"5007695",20620,0
2007,"5007703",10985,0
2007,"5007802",6382,0
2007,"5007901",36548,0
2007,"5007935",13376,0
2007,"5007950",9896,0
2007,"5007976",3591,0
2007,"5008008",15765,0
2007,"5008305",95992,0
2007,"5008404",5947,0
2008,"5000203",12365,0
2008,"5000252",4472,0
2008,"5000609",34494,0
2008,"5000708",23992,0
2008,"5000807",8569,0
2008,"5000856",8947,0
2008,"5000906",8120,0
2008,"5001003",21689,0
2008,"5001102",46329,0
2008,"5001243",9931,0
2008,"5001508",7022,0
2008,"5001904",19387,0
2008,"5002001",11110,0
2008,"5002100",23488,0
2008,"5002159",8317,0
2008,"5002209",19429,0
2008,"5002308",12084,0
2008,"5002407",25119,0
2008,"5002605",13958,0
2008,"5002704",783666,0
2008,"5002803",5380,0
2008,"5002902",21254,0
2008,"5002951",17019,0
2008,"5003108",4689,0
2008,"5003157",14046,0
2008,"5003207",105487,0
2008,"5003256",16647,0
2008,"5003306",32651,0
2008,"5003454",12149,0
2008,"5003488",10443,0
2008,"5003504",5337,0
2008,"5003702",193456,0
2008,"5003751",11792,0
2008,"5003801",19394,0
2008,"5003900",2968,0
2008,"5004007",10141,0
2008,"5004106",10767,0
2008,"5004304",14933,0
2008,"5004403",7822,0
2008,"5004502",20888,0
2008,"5004601",18345,0
2008,"5004700",22467,0
2008,"5004809",7497,0
2008,"5004908",6304,0
2008,"5005004",24485,0
2008,"5005103",4065,0
2008,"5005152",5809,0
2008,"5005202",19015,0
2008,"5005251",6363,0
2008,"5005400",35850,0
2008,"5005608",25702,0
2008,"5005681",17039,0
2008,"5005707",45529,0
2008,"5005806",14775,0
2008,"5006002",15040,0
2008,"5006200",44496,0
2008,"5006259",5306,0
2008,"5006275",4340,0
2008,"5006309",40958,0
2008,"5006358",12049,0
2008,"5006408",8249,0
2008,"5006606",75479,0
2008,"5006903",15156,0
2008,"5007109",20417,0
2008,"5007208",29390,0
2008,"5007307",5252,0
2008,"5007406",19328,0
2008,"5007505",4514,0
2008,"5007554",7274,0
2008,"5007695",21146,0
2008,"5007703",10960,0
2008,"5007802",6378,0
2008,"5007901",38576,0
2008,"5007935",13926,0
2008,"5007950",10046,0
2008,"5007976",3593,0
2008,"5008008",16321,0
2008,"5008305",98228,0
2008,"5008404",5951,0
2009,"5000203",12666,0
2009,"5000252",4545,0
2009,"5000609",34981,0
2009,"5000708",24086,0
2009,"5000807",8604,0
2009,"5000856",9120,0
2009,"5000906",8202,0
2009,"5001003",22068,0
2009,"5001102",46467,0
2009,"5001243",10137,0
2009,"5001508",7034,0
2009,"5001904",19730,0
2009,"5002001",11124,0
2009,"5002100",23582,0
2009,"5002159",8270,0
2009,"5002209",19672,0
2009,"5002308",12054,0
2009,"5002407",25660,0
2009,"5002605",13947,0
2009,"5002704",794603,0
2009,"5002803",5433,0
2009,"5002902",21319,0
2009,"5002951",17859,0
2009,"5003108",4815,0
2009,"5003157",14140,0
2009,"5003207",105890,0
2009,"5003256",17048,0
2009,"5003306",32685,0
2009,"5003454",12231,0
2009,"5003488",10515,0
2009,"5003504",5387,0
2009,"5003702",196325,0
2009,"5003751",11837,0
2009,"5003801",19384,0
2009,"5003900",2976,0
2009,"5004007",10133,0
2009,"5004106",10673,0
2009,"5004304",15011,0
2009,"5004403",7803,0
2009,"5004502",21277,0
2009,"5004601",18594,0
2009,"5004700",22545,0
2009,"5004809",7662,0
2009,"5004908",6389,0
2009,"5005004",24631,0
2009,"5005103",4056,0
2009,"5005152",5891,0
2009,"5005202",19412,0
2009,"5005251",6467,0
2009,"5005400",36922,0
2009,"5005608",25951,0
2009,"5005681",17171,0
2009,"5005707",46413,0
2009,"5005806",14672,0
2009,"5006002",15750,0
2009,"5006200",45463,0
2009,"5006259",5171,0
2009,"5006275",4460,0
2009,"5006309",41041,0
2009,"5006358",12262,0
2009,"5006408",8175,0
2009,"5006606",77158,0
2009,"5006903",15311,0
2009,"5007109",20799,0
2009,"5007208",30201,0
2009,"5007307",5217,0
2009,"5007406",19387,0
2009,"5007505",4551,0
2009,"5007554",7317,0
2009,"5007695",21705,0
2009,"5007703",10957,0
2009,"5007802",6401,0
2009,"5007901",40558,0
2009,"5007935",14417,0
2009,"5007950",10194,0
2009,"5007976",3596,0
2009,"5008008",16850,0
2009,"5008305",100547,0
2009,"5008404",5958,0
2010,"5000203",12967,0
2010,"5000252",4598,0
2010,"5000609",35429,0
2010,"5000708",24148,0
2010,"5000807",8603,0
2010,"5000856",9279,0
2010,"5000906",8289,0
2010,"5001003",22432,0
2010,"5001102",46570,0
2010,"5001243",10320,0
2010,"5001508",7072,0
2010,"5001904",20061,0
2010,"5002001",11118,0
2010,"5002100",23610,0
2010,"5002159",8243,0
2010,"5002209",19907,0
2010,"5002308",12038,0
2010,"5002407",26153,0
2010,"5002605",13916,0
2010,"5002704",804796,0
2010,"5002803",5465,0
2010,"5002902",21348,0
2010,"5002951",18673,0
2010,"5003108",4900,0
2010,"5003157",14202,0
2010,"5003207",105982,0
2010,"5003256",17483,0
2010,"5003306",32703,0
2010,"5003454",12317,0
2010,"5003488",10567,0
2010,"5003504",5424,0
2010,"5003702",199315,0
2010,"5003751",11863,0
2010,"5003801",19399,0
2010,"5003900",2990,0
2010,"5004007",10116,0
2010,"5004106",10600,0
2010,"5004304",15049,0
2010,"5004403",7796,0
2010,"5004502",21623,0
2010,"5004601",18792,0
2010,"5004700",22685,0
2010,"5004809",7809,0
2010,"5004908",6458,0
2010,"5005004",24732,0
2010,"5005103",4036,0
2010,"5005152",5968,0
2010,"5005202",19732,0
2010,"5005251",6537,0
2010,"5005400",37873,0
2010,"5005608",26120,0
2010,"5005681",17294,0
2010,"5005707",47129,0
2010,"5005806",14585,0
2010,"5006002",16386,0
2010,"5006200",46239,0
2010,"5006259",5056,0
2010,"5006275",4559,0
2010,"5006309",41098,0
2010,"5006358",12462,0
2010,"5006408",8099,0
2010,"5006606",78694,0
2010,"5006903",15372,0
2010,"5007109",21119,0
2010,"5007208",30952,0
2010,"5007307",5171,0
2010,"5007406",19421,0
2010,"5007505",4594,0
2010,"5007554",7336,0
2010,"5007695",22248,0
2010,"5007703",10953,0
2010,"5007802",6428,0
2010,"5007901",42175,0
2010,"5007935",14809,0
2010,"5007950",10319,0
2010,"5007976",3599,0
2010,"5008008",17239,0
2010,"5008305",102844,0
2010,"5008404",5968,0
2011,"5000203",13276,0
2011,"5000252",4636,0
2011,"5000609",35909,0
2011,"5000708",24208,0
2011,"5000807",8576,0
2011,"5000856",9433,0
2011,"5000906",8381,0
2011,"5001003",22835,0
2011,"5001102",46731,0
2011,"5001243",10446,0
2011,"5001508",7136,0
2011,"5001904",20356,0
2011,"5002001",11118,0
2011,"5002100",23587,0
2011,"5002159",8253,0
2011,"5002209",20173,0
2011,"5002308",12039,0
2011,"5002407",26654,0
2011,"5002605",13888,0
2011,"5002704",815169,0
2011,"5002803",5464,0
2011,"5002902",21358,0
2011,"5002951",19471,0
2011,"5003108",4950,0
2011,"5003157",14268,0
2011,"5003207",105832,0
2011,"5003256",17995,0
2011,"5003306",32735,0
2011,"5003454",12423,0
2011,"5003488",10615,0
2011,"5003504",5463,0
2011,"5003702",202849,0
2011,"5003751",11869,0
2011,"5003801",19469,0
2011,"5003900",3023,0
2011,"5004007",10141,0
2011,"5004106",10547,0
2011,"5004304",15037,0
2011,"5004403",7842,0
2011,"5004502",21922,0
2011,"5004601",18931,0
2011,"5004700",22964,0
2011,"5004809",7926,0
2011,"5004908",6514,0
2011,"5005004",24786,0
2011,"5005103",4029,0
2011,"5005152",6034,0
2011,"5005202",19983,0
2011,"5005251",6601,0
2011,"5005400",38672,0
2011,"5005608",26240,0
2011,"5005681",17436,0
2011,"5005707",47688,0
2011,"5005806",14490,0
2011,"5006002",16921,0
2011,"5006200",46805,0
2011,"5006259",5001,0
2011,"5006275",4648,0
2011,"5006309",41200,0
2011,"5006358",12619,0
2011,"5006408",8029,0
2011,"5006606",80214,0
2011,"5006903",15327,0
2011,"5007109",21406,0
2011,"5007208",31630,0
2011,"5007307",5146,0
2011,"5007406",19471,0
2011,"5007505",4641,0
2011,"5007554",7352,0
2011,"5007695",22816,0
2011,"5007703",10971,0
2011,"5007802",6504,0
2011,"5007901",43230,0
2011,"5007935",15011,0
2011,"5007950",10429,0
2011,"5007976",3615,0
2011,"5008008",17469,0
2011,"5008305",105306,0
2011,"5008404",5990,0
2012,"5000203",13619,0
2012,"5000252",4644,0
2012,"5000609",36457,0
2012,"5000708",24295,0
2012,"5000807",8542,0
2012,"5000856",9577,0
2012,"5000906",8503,0
2012,"5001003",23284,0
2012,"5001102",46968,0
2012,"5001243",10558,0
2012,"5001508",7205,0
2012,"5001904",20676,0
2012,"5002001",11130,0
2012,"5002100",23541,0
2012,"5002159",8293,0
2012,"5002209",20486,0
2012,"5002308",12052,0
2012,"5002407",27179,0
2012,"5002605",13896,0
2012,"5002704",826746,0
2012,"5002803",5443,0
2012,"5002902",21400,0
2012,"5002951",20337,0
2012,"5003108",4962,0
2012,"5003157",14330,0
2012,"5003207",105606,0
2012,"5003256",18610,0
2012,"5003306",32808,0
2012,"5003454",12565,0
2012,"5003488",10676,0
2012,"5003504",5495,0
2012,"5003702",207064,0
2012,"5003751",11876,0
2012,"5003801",19605,0
2012,"5003900",3063,0
2012,"5004007",10181,0
2012,"5004106",10531,0
2012,"5004304",15000,0
2012,"5004403",7905,0
2012,"5004502",22224,0
2012,"5004601",19067,0
2012,"5004700",23368,0
2012,"5004809",8037,0
2012,"5004908",6579,0
2012,"5005004",24835,0
2012,"5005103",4013,0
2012,"5005152",6099,0
2012,"5005202",20203,0
2012,"5005251",6668,0
2012,"5005400",39433,0
2012,"5005608",26338,0
2012,"5005681",17614,0
2012,"5005707",48202,0
2012,"5005806",14438,0
2012,"5006002",17416,0
2012,"5006200",47262,0
2012,"5006259",4973,0
2012,"5006275",4739,0
2012,"5006309",41345,0
2012,"5006358",12781,0
2012,"5006408",7961,0
2012,"5006606",81781,0
2012,"5006903",15222,0
2012,"5007109",21684,0
2012,"5007208",32303,0
2012,"5007307",5132,0
2012,"5007406",19555,0
2012,"5007505",4699,0
2012,"5007554",7364,0
2012,"5007695",23443,0
2012,"5007703",11010,0
2012,"5007802",6627,0
2012,"5007901",43949,0
2012,"5007935",15111,0
2012,"5007950",10554,0
2012,"5007976",3620,0
2012,"5008008",17594,0
2012,"5008305",108024,0
2012,"5008404",6015,0
2013,"5000203",13979,0
2013,"5000252",4651,0
2013,"5000609",37021,0
2013,"5000708",24391,0
2013,"5000807",8489,0
2013,"5000856",9734,0
2013,"5000906",8630,0
2013,"5001003",23774,0
2013,"5001102",47220,0
2013,"5001243",10642,0
2013,"5001508",7295,0
2013,"5001904",20998,0
2013,"5002001",11140,0
2013,"5002100",23469,0
2013,"5002159",8347,0
2013,"5002209",20855,0
2013,"5002308",12072,0
2013,"5002407",27695,0
2013,"5002605",13912,0
2013,"5002704",838837,0
2013,"5002803",5424,0
2013,"5002902",21442,0
2013,"5002951",21275,0
2013,"5003108",4975,0
2013,"5003157",14388,0
2013,"5003207",105281,0
2013,"5003256",19295,0
2013,"5003306",32905,0
2013,"5003454",12721,0
2013,"5003488",10736,0
2013,"5003504",5529,0
2013,"5003702",211660,0
2013,"5003751",11876,0
2013,"5003801",19768,0
2013,"5003900",3124,0
2013,"5004007",10245,0
2013,"5004106",10517,0
2013,"5004304",14939,0
2013,"5004403",7992,0
2013,"5004502",22531,0
2013,"5004601",19176,0
2013,"5004700",23856,0
2013,"5004809",8128,0
2013,"5004908",6653,0
2013,"5005004",24872,0
2013,"5005103",3983,0
2013,"5005152",6176,0
2013,"5005202",20404,0
2013,"5005251",6722,0
2013,"5005400",40157,0
2013,"5005608",26415,0
2013,"5005681",17820,0
2013,"5005707",48665,0
2013,"5005806",14372,0
2013,"5006002",17894,0
2013,"5006200",47660,0
2013,"5006259",4965,0
2013,"5006275",4826,0
2013,"5006309",41518,0
2013,"5006358",12886,0
2013,"5006408",7878,0
2013,"5006606",83340,0
2013,"5006903",15050,0
2013,"5007109",21936,0
2013,"5007208",32981,0
2013,"5007307",5120,0
2013,"5007406",19643,0
2013,"5007505",4752,0
2013,"5007554",7361,0
2013,"5007695",24111,0
2013,"5007703",11060,0
2013,"5007802",6789,0
2013,"5007901",44495,0
2013,"5007935",15139,0
2013,"5007950",10648,0
2013,"5007976",3649,0
2013,"5008008",17667,0
2013,"5008305",110857,0
2013,"5008404",6058,0
2014,"5000203",14333,0
2014,"5000252",4654,0
2014,"5000609",37598,0
2014,"5000708",24481,0
2014,"5000807",8432,0
2014,"5000856",9888,0
2014,"5000906",8762,0
2014,"5001003",24290,0
2014,"5001102",47470,0
2014,"5001243",10735,0
2014,"5001508",7390,0
2014,"5001904",21323,0
2014,"5002001",11133,0
2014,"5002100",23399,0
2014,"5002159",8408,0
2014,"5002209",21240,0
2014,"5002308",12075,0
2014,"5002407",28225,0
2014,"5002605",13930,0
2014,"5002704",851148,0
2014,"5002803",5405,0
2014,"5002902",21460,0
2014,"5002951",22295,0
2014,"5003108",4971,0
2014,"5003157",14438,0
2014,"5003207",104929,0
2014,"5003256",20014,0
2014,"5003306",33011,0
2014,"5003454",12884,0
2014,"5003488",10818,0
2014,"5003504",5557,0
2014,"5003702",216389,0
2014,"5003751",11871,0
2014,"5003801",19928,0
2014,"5003900",3184,0
2014,"5004007",10309,0
2014,"5004106",10518,0
2014,"5004304",14868,0
2014,"5004403",8065,0
2014,"5004502",22837,0
2014,"5004601",19286,0
2014,"5004700",24382,0
2014,"5004809",8212,0
2014,"5004908",6732,0
2014,"5005004",24913,0
2014,"5005103",3952,0
2014,"5005152",6262,0
2014,"5005202",20613,0
2014,"5005251",6778,0
2014,"5005400",40895,0
2014,"5005608",26494,0
2014,"5005681",18035,0
2014,"5005707",49155,0
2014,"5005806",14314,0
2014,"5006002",18378,0
2014,"5006200",48065,0
2014,"5006259",4955,0
2014,"5006275",4916,0
2014,"5006309",41692,0
2014,"5006358",12997,0
2014,"5006408",7797,0
2014,"5006606",84893,0
2014,"5006903",14872,0
2014,"5007109",22182,0
2014,"5007208",33657,0
2014,"5007307",5115,0
2014,"5007406",19745,0
2014,"5007505",4819,0
2014,"5007554",7355,0
2014,"5007695",24799,0
2014,"5007703",11108,0
2014,"5007802",6969,0
2014,"5007901",45047,0
2014,"5007935",15140,0
2014,"5007950",10731,0
2014,"5007976",3658,0
2014,"5008008",17745,0
2014,"5008305",113749,0
2014,"5008404",6104,0
2015,"5000203",14689,0
2015,"5000252",4662,0
2015,"5000609",38159,0
2015,"5000708",24567,0
2015,"5000807",8373,0
2015,"5000856",10052,0
2015,"5000906",8883,0
2015,"5001003",24795,0
2015,"5001102",47710,0
2015,"5001243",10803,0
2015,"5001508",7485,0
2015,"5001904",21651,0
2015,"5002001",11139,0
2015,"5002100",23316,0
2015,"5002159",8470,0
2015,"5002209",21636,0
2015,"5002308",12078,0
2015,"5002407",28753,0
2015,"5002605",13955,0
2015,"5002704",863465,0
2015,"5002803",5385,0
2015,"5002902",21490,0
2015,"5002951",23377,0
2015,"5003108",4975,0
2015,"5003157",14484,0
2015,"5003207",104542,0
2015,"5003256",20771,0
2015,"5003306",33096,0
2015,"5003454",13045,0
2015,"5003488",10898,0
2015,"5003504",5593,0
2015,"5003702",221171,0
2015,"5003751",11864,0
2015,"5003801",20095,0
2015,"5003900",3240,0
2015,"5004007",10379,0
2015,"5004106",10498,0
2015,"5004304",14799,0
2015,"5004403",8137,0
2015,"5004502",23149,0
2015,"5004601",19384,0
2015,"5004700",24912,0
2015,"5004809",8291,0
2015,"5004908",6822,0
2015,"5005004",24935,0
2015,"5005103",3912,0
2015,"5005152",6352,0
2015,"5005202",20816,0
2015,"5005251",6818,0
2015,"5005400",41626,0
2015,"5005608",26568,0
2015,"5005681",18256,0
2015,"5005707",49644,0
2015,"5005806",14240,0
2015,"5006002",18890,0
2015,"5006200",48451,0
2015,"5006259",4943,0
2015,"5006275",5008,0
2015,"5006309",41860,0
2015,"5006358",13098,0
2015,"5006408",7699,0
2015,"5006606",86448,0
2015,"5006903",14677,0
2015,"5007109",22424,0
2015,"5007208",34358,0
2015,"5007307",5103,0
2015,"5007406",19841,0
2015,"5007505",4885,0
2015,"5007554",7342,0
2015,"5007695",25507,0
2015,"5007703",11141,0
2015,"5007802",7144,0
2015,"5007901",45600,0
2015,"5007935",15150,0
2015,"5007950",10822,0
2015,"5007976",3687,0
2015,"5008008",17830,0
2015,"5008305",116678,0
2015,"5008404",6148,0
2016,"5000203",15054,0
2016,"5000252",4657,0
2016,"5000609",38673,0
2016,"5000708",24628,0
2016,"5000807",8299,0
2016,"5000856",10197,0
2016,"5000906",8999,0
2016,"5001003",25307,0
2016,"5001102",47900,0
2016,"5001243",10862,0
2016,"5001508",7566,0
2016,"5001904",21960,0
2016,"5002001",11133,0
2016,"5002100",23224,0
2016,"5002159",8519,0
2016,"5002209",22017,0
2016,"5002308",12067,0
2016,"5002407",29240,0
2016,"5002605",13951,0
2016,"5002704",875133,0
2016,"5002803",5362,0
2016,"5002902",21500,0
2016,"5002951",24491,0
2016,"5003108",4975,0
2016,"5003157",14508,0
2016,"5003207",104083,0
2016,"5003256",21527,0
2016,"5003306",33165,0
2016,"5003454",13193,0
2016,"5003488",10967,0
2016,"5003504",5617,0
2016,"5003702",225818,0
2016,"5003751",11845,0
2016,"5003801",20258,0
2016,"5003900",3299,0
2016,"5004007",10438,0
2016,"5004106",10480,0
2016,"5004304",14717,0
2016,"5004403",8199,0
2016,"5004502",23429,0
2016,"5004601",19470,0
2016,"5004700",25437,0
2016,"5004809",8360,0
2016,"5004908",6902,0
2016,"5005004",24945,0
2016,"5005103",3891,0
2016,"5005152",6428,0
2016,"5005202",21002,0
2016,"5005251",6857,0
2016,"5005400",42332,0
2016,"5005608",26612,0
2016,"5005681",18459,0
2016,"5005707",50082,0
2016,"5005806",14166,0
2016,"5006002",19395,0
2016,"5006200",48806,0
2016,"5006259",4923,0
2016,"5006275",5102,0
2016,"5006309",41994,0
2016,"5006358",13169,0
2016,"5006408",7611,0
2016,"5006606",87917,0
2016,"5006903",14477,0
2016,"5007109",22643,0
2016,"5007208",35028,0
2016,"5007307",5077,0
2016,"5007406",19924,0
2016,"5007505",4938,0
2016,"5007554",7336,0
2016,"5007695",26216,0
2016,"5007703",11174,0
2016,"5007802",7325,0
2016,"5007901",46130,0
2016,"5007935",15139,0
2016,"5007950",10889,0
2016,"5007976",3713,0
2016,"5008008",17908,0
2016,"5008305",119538,0
2016,"5008404",6184,0
2017,"5000203",15406,0
2017,"5000252",4664,0
2017,"5000609",39150,0
2017,"5000708",24683,0
2017,"5000807",8235,0
2017,"5000856",10337,0
2017,"5000906",9109,0
2017,"5001003",25821,0
2017,"5001102",48080,0
2017,"5001243",10921,0
2017,"5001508",7656,0
2017,"5001904",22258,0
2017,"5002001",11120,0
2017,"5002100",23113,0
2017,"5002159",8573,0
2017,"5002209",22413,0
2017,"5002308",12052,0
2017,"5002407",29703,0
2017,"5002605",13970,0
2017,"5002704",886346,0
2017,"5002803",5337,0
2017,"5002902",21535,0
2017,"5002951",25612,0
2017,"5003108",4973,0
2017,"5003157",14533,0
2017,"5003207",103572,0
2017,"5003256",22310,0
2017,"5003306",33233,0
2017,"5003454",13343,0
2017,"5003488",11042,0
2017,"5003504",5648,0
2017,"5003702",230400,0
2017,"5003751",11826,0
2017,"5003801",20414,0
2017,"5003900",3358,0
2017,"5004007",10498,0
2017,"5004106",10451,0
2017,"5004304",14639,0
2017,"5004403",8269,0
2017,"5004502",23695,0
2017,"5004601",19551,0
2017,"5004700",25970,0
2017,"5004809",8398,0
2017,"5004908",6986,0
2017,"5005004",24934,0
2017,"5005103",3840,0
2017,"5005152",6511,0
2017,"5005202",21176,0
2017,"5005251",6895,0
2017,"5005400",43029,0
2017,"5005608",26635,0
2017,"5005681",18666,0
2017,"5005707",50502,0
2017,"5005806",14086,0
2017,"5006002",19876,0
2017,"5006200",49123,0
2017,"5006259",4906,0
2017,"5006275",5188,0
2017,"5006309",42119,0
2017,"5006358",13222,0
2017,"5006408",7523,0
2017,"5006606",89302,0
2017,"5006903",14270,0
2017,"5007109",22850,0
2017,"5007208",35697,0
2017,"5007307",5062,0
2017,"5007406",20011,0
2017,"5007505",4994,0
2017,"5007554",7318,0
2017,"5007695",26923,0
2017,"5007703",11196,0
2017,"5007802",7493,0
2017,"5007901",46626,0
2017,"5007935",15124,0
2017,"5007950",10956,0
2017,"5007976",3723,0
2017,"5008008",17978,0
2017,"5008305",122372,0
2017,"5008404",6228,0
2018,"5000203",15733,0
2018,"5000252",4655,0
2018,"5000609",39555,0
2018,"5000708",24743,0
2018,"5000807",8164,0
2018,"5000856",10484,0
2018,"5000906",9197,0
2018,"5001003",26349,0
2018,"5001102",48240,0
2018,"5001243",10955,0
2018,"5001508",7738,0
2018,"5001904",22547,0
2018,"5002001",11105,0
2018,"5002100",22986,0
2018,"5002159",8625,0
2018,"5002209",22795,0
2018,"5002308",12029,0
2018,"5002407",30146,0
2018,"5002605",13982,0
2018,"5002704",897754,0
2018,"5002803",5315,0
2018,"5002902",21557,0
2018,"5002951",26753,0
2018,"5003108",4965,0
2018,"5003157",14562,0
2018,"5003207",103084,0
2018,"5003256",23112,0
2018,"5003306",33316,0
2018,"5003454",13486,0
2018,"5003488",11122,0
2018,"5003504",5664,0
2018,"5003702",235015,0
2018,"5003751",11817,0
2018,"5003801",20572,0
2018,"5003900",3420,0
2018,"5004007",10551,0
2018,"5004106",10427,0
2018,"5004304",14554,0
2018,"5004403",8341,0
2018,"5004502",23942,0
2018,"5004601",19640,0
2018,"5004700",26528,0
2018,"5004809",8413,0
2018,"5004908",7072,0
2018,"5005004",24914,0
2018,"5005103",3807,0
2018,"5005152",6592,0
2018,"5005202",21364,0
2018,"5005251",6917,0
2018,"5005400",43710,0
2018,"5005608",26664,0
2018,"5005681",18887,0
2018,"5005707",50906,0
2018,"5005806",14010,0
2018,"5006002",20364,0
2018,"5006200",49445,0
2018,"5006259",4886,0
2018,"5006275",5276,0
2018,"5006309",42254,0
2018,"5006358",13259,0
2018,"5006408",7430,0
2018,"5006606",90598,0
2018,"5006903",14071,0
2018,"5007109",23042,0
2018,"5007208",36332,0
2018,"5007307",5043,0
2018,"5007406",20100,0
2018,"5007505",5061,0
2018,"5007554",7298,0
2018,"5007695",27625,0
2018,"5007703",11223,0
2018,"5007802",7675,0
2018,"5007901",47102,0
2018,"5007935",15090,0
2018,"5007950",10997,0
2018,"5007976",3737,0
2018,"5008008",18028,0
2018,"5008305",125164,0
2018,"5008404",6280,0
2019,"5000203",16059,0
2019,"5000252",4662,0
2019,"5000609",39926,0
2019,"5000708",24802,0
2019,"5000807",8101,0
2019,"5000856",10627,0
2019,"5000906",9282,0
2019,"5001003",26899,0
2019,"5001102",48409,0
2019,"5001243",10983,0
2019,"5001508",7847,0
2019,"5001904",22832,0
2019,"5002001",11103,0
2019,"5002100",22844,0
2019,"5002159",8697,0
2019,"5002209",23183,0
2019,"5002308",12009,0
2019,"5002407",30571,0
2019,"5002605",14005,0
2019,"5002704",909168,0
2019,"5002803",5286,0
2019,"5002902",21602,0
2019,"5002951",27924,0
2019,"5003108",4973,0
2019,"5003157",14598,0
2019,"5003207",102595,0
2019,"5003256",23957,0
2019,"5003306",33401,0
2019,"5003454",13638,0
2019,"5003488",11197,0
2019,"5003504",5695,0
2019,"5003702",239657,0
2019,"5003751",11798,0
2019,"5003801",20765,0
2019,"5003900",3481,0
2019,"5004007",10613,0
2019,"5004106",10397,0
2019,"5004304",14493,0
2019,"5004403",8409,0
2019,"5004502",24175,0
2019,"5004601",19734,0
2019,"5004700",27101,0
2019,"5004809",8413,0
2019,"5004908",7166,0
2019,"5005004",24900,0
2019,"5005103",3768,0
2019,"5005152",6681,0
2019,"5005202",21558,0
2019,"5005251",6942,0
2019,"5005400",44391,0
2019,"5005608",26682,0
2019,"5005681",19111,0
2019,"5005707",51319,0
2019,"5005806",13934,0
2019,"5006002",20826,0
2019,"5006200",49747,0
2019,"5006259",4876,0
2019,"5006275",5371,0
2019,"5006309",42405,0
2019,"5006358",13276,0
2019,"5006408",7353,0
2019,"5006606",91854,0
2019,"5006903",13849,0
2019,"5007109",23230,0
2019,"5007208",36988,0
2019,"5007307",5035,0
2019,"5007406",20201,0
2019,"5007505",5125,0
2019,"5007554",7284,0
2019,"5007695",28333,0
2019,"5007703",11248,0
2019,"5007802",7856,0
2019,"5007901",47579,0
2019,"5007935",15056,0
2019,"5007950",11029,0
2019,"5007976",3743,0
2019,"5008008",18098,0
2019,"5008305",127971,0
2019,"5008404",6332,0
2020,"5000203",16395,0
2020,"5000252",4661,0
2020,"5000609",40272,0
2020,"5000708",24845,0
2020,"5000807",8035,0
2020,"5000856",10781,0
2020,"5000906",9364,0
2020,"5001003",27458,0
2020,"5001102",48544,0
2020,"5001243",11013,0
2020,"5001508",7953,0
2020,"5001904",23116,0
2020,"5002001",11097,0
2020,"5002100",22704,0
2020,"5002159",8744,0
2020,"5002209",23577,0
2020,"5002308",11982,0
2020,"5002407",30965,0
2020,"5002605",14032,0
2020,"5002704",920013,0
2020,"5002803",5269,0
2020,"5002902",21650,0
2020,"5002951",29132,0
2020,"5003108",4974,0
2020,"5003157",14624,0
2020,"5003207",102086,0
2020,"5003256",24811,0
2020,"5003306",33484,0
2020,"5003454",13780,0
2020,"5003488",11280,0
2020,"5003504",5713,0
2020,"5003702",244236,0
2020,"5003751",11785,0
2020,"5003801",20944,0
2020,"5003900",3547,0
2020,"5004007",10681,0
2020,"5004106",10362,0
2020,"5004304",14419,0
2020,"5004403",8478,0
2020,"5004502",24398,0
2020,"5004601",19823,0
2020,"5004700",27672,0
2020,"5004809",8419,0
2020,"5004908",7253,0
2020,"5005004",24873,0
2020,"5005103",3743,0
2020,"5005152",6766,0
2020,"5005202",21745,0
2020,"5005251",6960,0
2020,"5005400",45077,0
2020,"5005608",26693,0
2020,"5005681",19315,0
2020,"5005707",51718,0
2020,"5005806",13856,0
2020,"5006002",21298,0
2020,"5006200",50023,0
2020,"5006259",4872,0
2020,"5006275",5463,0
2020,"5006309",42526,0
2020,"5006358",13279,0
2020,"5006408",7275,0
2020,"5006606",93042,0
2020,"5006903",13647,0
2020,"5007109",23396,0
2020,"5007208",37628,0
2020,"5007307",5028,0
2020,"5007406",20300,0
2020,"5007505",5189,0
2020,"5007554",7275,0
2020,"5007695",29044,0
2020,"5007703",11268,0
2020,"5007802",8033,0
2020,"5007901",48043,0
2020,"5007935",15009,0
2020,"5007950",11067,0
2020,"5007976",3762,0
2020,"5008008",18150,0
2020,"5008305",130739,0
2020,"5008404",6393,0
2021,"5000203",16710,0
2021,"5000252",4660,0
2021,"5000609",40550,0
2021,"5000708",24840,0
2021,"5000807",7966,0
2021,"5000856",10896,0
2021,"5000906",9430,0
2021,"5001003",27965,0
2021,"5001102",48584,0
2021,"5001243",11024,0
2021,"5001508",8033,0
2021,"5001904",23359,0
2021,"5002001",11058,0
2021,"5002100",22535,0
2021,"5002159",8777,0
2021,"5002209",23924,0
2021,"5002308",11945,0
2021,"5002407",31331,0
2021,"5002605",14018,0
2021,"5002704",929224,0
2021,"5002803",5228,0
2021,"5002902",21644,0
2021,"5002951",30324,0
2021,"5003108",4957,0
2021,"5003157",14631,0
2021,"5003207",101385,0
2021,"5003256",25648,0
2021,"5003306",33489,0
2021,"5003454",13904,0
2021,"5003488",11348,0
2021,"5003504",5733,0
2021,"5003702",248422,0
2021,"5003751",11750,0
2021,"5003801",21083,0
2021,"5003900",3585,0
2021,"5004007",10726,0
2021,"5004106",10317,0
2021,"5004304",14325,0
2021,"5004403",8537,0
2021,"5004502",24568,0
2021,"5004601",19876,0
2021,"5004700",28192,0
2021,"5004809",8403,0
2021,"5004908",7314,0
2021,"5005004",24799,0
2021,"5005103",3696,0
2021,"5005152",6835,0
2021,"5005202",21904,0
2021,"5005251",6962,0
2021,"5005400",45709,0
2021,"5005608",26657,0
2021,"5005681",19502,0
2021,"5005707",52017,0
2021,"5005806",13750,0
2021,"5006002",21747,0
2021,"5006200",50211,0
2021,"5006259",4856,0
2021,"5006275",5531,0
2021,"5006309",42555,0
2021,"5006358",13284,0
2021,"5006408",7190,0
2021,"5006606",94113,0
2021,"5006903",13427,0
2021,"5007109",23548,0
2021,"5007208",38217,0
2021,"5007307",5005,0
2021,"5007406",20358,0
2021,"5007505",5250,0
2021,"5007554",7247,0
2021,"5007695",29718,0
2021,"5007703",11281,0
2021,"5007802",8206,0
2021,"5007901",48411,0
2021,"5007935",14964,0
2021,"5007950",11081,0
2021,"5007976",3763,0
2021,"5008008",18169,0
2021,"5008305",133337,0
2021,"5008404",6425,0
2023,"5000203",17312,0
2023,"5000252",4634,0
2023,"5000609",41101,0
2023,"5000708",24779,0
2023,"5000807",7799,0
2023,"5000856",11095,0
2023,"5000906",9561,0
2023,"5001003",28939,0
2023,"5001102",48583,0
2023,"5001243",11040,0
2023,"5001508",8180,0
2023,"5001904",23790,0
2023,"5002001",10972,0
2023,"5002100",22134,0
2023,"5002159",8819,0
2023,"5002209",24493,0
2023,"5002308",11861,0
2023,"5002407",32042,0
2023,"5002605",13955,0
2023,"5002704",946553,0
2023,"5002803",5144,0
2023,"5002902",21586,0
2023,"5002951",32627,0
2023,"5003108",4898,0
2023,"5003157",14639,0
2023,"5003207",99866,0
2023,"5003256",27302,0
2023,"5003306",33438,0
2023,"5003454",14103,0
2023,"5003488",11427,0
2023,"5003504",5730,0
2023,"5003702",256470,0
2023,"5003751",11653,0
2023,"5003801",21288,0
2023,"5003900",3639,0
2023,"5004007",10753,0
2023,"5004106",10185,0
2023,"5004304",14114,0
2023,"5004403",8646,0
2023,"5004502",24891,0
2023,"5004601",19959,0
2023,"5004700",29144,0
2023,"5004809",8377,0
2023,"5004908",7384,0
2023,"5005004",24601,0
2023,"5005103",3612,0
2023,"5005152",6943,0
2023,"5005202",22163,0
2023,"5005251",6967,0
2023,"5005400",46922,0
2023,"5005608",26539,0
2023,"5005681",19789,0
2023,"5005707",52488,0
2023,"5005806",13516,0
2023,"5006002",22612,0
2023,"5006200",50482,0
2023,"5006259",4810,0
2023,"5006275",5671,0
2023,"5006309",42544,0
2023,"5006358",13290,0
2023,"5006408",7031,0
2023,"5006606",96330,0
2023,"5006903",13028,0
2023,"5007109",23828,0
2023,"5007208",39350,0
2023,"5007307",4950,0
2023,"5007406",20402,0
2023,"5007505",5344,0
2023,"5007554",7174,0
2023,"5007695",31024,0
2023,"5007703",11285,0
2023,"5007802",8459,0
2023,"5007901",49066,0
2023,"5007935",14853,0
2023,"5007950",11125,0
2023,"5007976",3721,0
2023,"5008008",18148,0
2023,"5008305",138576,0
2023,"5008404",6461,0
2024,"5000203",17647,0
2024,"5000252",4648,0
2024,"5000609",41414,0
2024,"5000708",24741,0
2024,"5000807",7735,0
2024,"5000856",11203,0
2024,"5000906",9641,0
2024,"5001003",29446,0
2024,"5001102",48561,0
2024,"5001243",11085,0
2024,"5001508",8276,0
2024,"5001904",24004,0
2024,"5002001",10953,0
2024,"5002100",21965,0
2024,"5002159",8849,0
2024,"5002209",24761,0
2024,"5002308",11840,0
2024,"5002407",32406,0
2024,"5002605",13920,0
2024,"5002704",954537,0
2024,"5002803",5115,0
2024,"5002902",21549,0
2024,"5002951",33791,0
2024,"5003108",4893,0
2024,"5003157",14661,0
2024,"5003207",99107,0
2024,"5003256",28163,0
2024,"5003306",33390,0
2024,"5003454",14210,0
2024,"5003488",11470,0
2024,"5003504",5749,0
2024,"5003702",260640,0
2024,"5003751",11633,0
2024,"5003801",21388,0
2024,"5003900",3709,0
2024,"5004007",10777,0
2024,"5004106",10135,0
2024,"5004304",14017,0
2024,"5004403",8712,0
2024,"5004502",25075,0
2024,"5004601",19996,0
2024,"5004700",29613,0
2024,"5004809",8409,0
2024,"5004908",7425,0
2024,"5005004",24509,0
2024,"5005103",3620,0
2024,"5005152",7009,0
2024,"5005202",22290,0
2024,"5005251",7012,0
2024,"5005400",47558,0
2024,"5005608",26487,0
2024,"5005681",19937,0
2024,"5005707",52707,0
2024,"5005806",13412,0
2024,"5006002",23054,0
2024,"5006200",50610,0
2024,"5006259",4811,0
2024,"5006275",5777,0
2024,"5006309",42543,0
2024,"5006358",13323,0
2024,"5006408",6974,0
2024,"5006606",97577,0
2024,"5006903",12864,0
2024,"5007109",23996,0
2024,"5007208",39936,0
2024,"5007307",4933,0
2024,"5007406",20393,0
2024,"5007505",5407,0
2024,"5007554",7174,0
2024,"5007695",31694,0
2024,"5007703",11301,0
2024,"5007802",8593,0
2024,"5007901",49374,0
2024,"5007935",14822,0
2024,"5007950",11159,0
2024,"5007976",3730,0
2024,"5008008",18139,0
2024,"5008305",141435,0
2024,"5008404",6476,0
2025,"5000203",17901,0
2025,"5000252",4649,0
2025,"5000609",41751,0
2025,"5000708",24781,0
2025,"5000807",7688,0
2025,"5000856",11308,0
2025,"5000906",9717,0
2025,"5001003",29826,0
2025,"5001102",48689,0
2025,"5001243",11125,0
2025,"5001508",8342,0
2025,"5001904",24222,0
2025,"5002001",10947,0
2025,"5002100",21881,0
2025,"5002159",8887,0
2025,"5002209",25034,0
2025,"5002308",11833,0
2025,"5002407",32748,0
2025,"5002605",13928,0
2025,"5002704",962883,0
2025,"5002803",5096,0
2025,"5002902",21565,0
2025,"5002951",34606,0
2025,"5003108",4892,0
2025,"5003157",14685,0
2025,"5003207",98751,0
2025,"5003256",28740,0
2025,"5003306",33440,0
2025,"5003454",14317,0
2025,"5003488",11521,0
2025,"5003504",5768,0
2025,"5003702",264017,0
2025,"5003751",11622,0
2025,"5003801",21504,0
2025,"5003900",3751,0
2025,"5004007",10817,0
2025,"5004106",10116,0
2025,"5004304",13960,0
2025,"5004403",8764,0
2025,"5004502",25263,0
2025,"5004601",20060,0
2025,"5004700",30001,0
2025,"5004809",8441,0
2025,"5004908",7480,0
2025,"5005004",24504,0
2025,"5005103",3596,0
2025,"5005152",7067,0
2025,"5005202",22425,0
2025,"5005251",7037,0
2025,"5005400",48073,0
2025,"5005608",26512,0
2025,"5005681",20087,0
2025,"5005707",53014,0
2025,"5005806",13354,0
2025,"5006002",23409,0
2025,"5006200",50848,0
2025,"5006259",4801,0
2025,"5006275",5842,0
2025,"5006309",42638,0
2025,"5006358",13368,0
2025,"5006408",6910,0
2025,"5006606",98598,0
2025,"5006903",12721,0
2025,"5007109",24152,0
2025,"5007208",40419,0
2025,"5007307",4921,0
2025,"5007406",20454,0
2025,"5007505",5451,0
2025,"5007554",7165,0
2025,"5007695",32207,0
2025,"5007703",11322,0
2025,"5007802",8716,0
2025,"5007901",49735,0
2025,"5007935",14813,0
2025,"5007950",11205,0
2025,"5007976",3740,0
2025,"5008008",18182,0
2025,"5008305",143523,0
2025,"5008404",6505,0
